actual_price,predicted_price
12499999.999999985,11204192.374620644
10599999.999999996,8491392.650980147
2799000.0000000014,3169641.981688143
2400000.000000001,2038839.4959692964
9.000000000000002,8.999999999999927
9.000000000000002,8.999999999999927
3700000.000000002,4581816.484407384
13000000.000000013,11693325.105096584
7989999.999999995,6672239.934224146
7500000.000000002,16332016.043169033
1400000.0000000007,1715586.1776697813
9290000.000000007,9097966.820610667
7500000.000000002,7050349.502176416
7500000.000000002,6702108.441059126
14800000.000000004,8880815.364067437
7500000.000000002,7981779.369807489
9.000000000000002,8.999999999999936
9590000.000000007,5104603.121088523
2499999.9999999995,2533312.2516828394
39499999.999999985,38054085.13688366
18500000.000000034,17301754.500917286
9299999.999999993,7151674.677234322
11000000.000000013,18119257.060208574
9.000000000000002,8.999999999999936
6200000.000000005,6347445.311088474
1699999.9999999988,2171738.9760249886
11500000.000000019,12469001.520425703
6489999.999999998,10345023.451468037
8599999.999999996,6774782.967800615
4999999.999999999,4204206.027353625
9999999.999999996,10418347.942791782
6999999.999999995,8645435.629944386
11000000.000000013,7520447.347542529
9.000000000000002,8.999999999999927
14000000.00000001,12042291.089479936
9.000000000000002,16.798459533608238
4669999.999999999,5717770.458871828
8499999.999999998,5764123.166420535
32499999.999999955,28393279.55221357
7500000.000000002,6628606.835797471
5280000.000000002,4814743.452666722
24999999.999999963,15612787.924653875
6999999.999999995,10706861.51630726
16500000.000000013,10548985.906407593
6200000.000000005,8335771.143216589
6999999.999999995,7158064.109958495
9.000000000000002,8.999999999999936
9.000000000000002,8.999999999999936
6899999.999999999,6270685.579428055
5689999.999999997,10663580.158668496
9.000000000000002,8.999999999999936
22999999.999999974,18501511.947259527
5800000.0,3899036.9967338084
2714999.999999999,2929483.303478209
2199999.9999999995,2628126.8125320217
9.000000000000002,8.999999999999936
2925999.999999998,3324172.458423238
10399999.999999989,5616754.299787178
9.000000000000002,8.99999999999994
8820000.000000006,9038291.933954718
32499999.999999955,24143391.99283555
3299999.9999999986,4388053.869106324
8800000.000000006,18201671.664687265
8499999.999999998,1029332.4948492761
6499999.999999999,3305297.3802009556
6999999.999999995,6778533.719952706
7359999.9999999935,7325792.461441586
3200000.0000000023,3657237.971470946
8499999.999999998,2324110.1998998867
10499999.999999994,15800245.279246124
7700000.0000000065,6922199.165259693
12000000.000000007,9997300.598495137
57500000.00000004,49094732.25268173
2300000.0,2759411.8114477945
8999999.999999996,6591271.399845227
6999999.999999995,8875047.32903899
4999999.999999999,4172797.875057854
9800000.000000007,14755093.09144084
6350000.0,6765605.929754392
20599999.99999997,17352142.170461446
13499999.999999993,10735722.752139874
9.000000000000002,8.999999999999927
6999999.999999995,7853581.146566545
62500000.00000002,59306459.12132797
3400000.000000002,596494.3870649528
4500000.000000002,9371357.460114032
8999999.999999996,16982032.32651192
6306520.000000005,6303103.677646107
5918000.000000001,3370210.9114468675
4500000.000000002,4081867.0033608624
11290999.999999994,7540585.358854515
4999999.999999999,3276390.0124269747
3640000.0000000005,4296866.1056743385
7500000.000000002,6965308.88986646
2800000.000000002,3816965.8506844565
4500000.000000002,3594946.6652393653
3697199.9999999986,5283011.000904135
9.000000000000002,8.999999999999936
6433220.000000001,6222133.267895761
9.000000000000002,8.999999999999936
4352999.999999999,4050173.854033305
3000000.000000001,5527385.792843662
12000000.000000007,12646664.25663132
3499999.9999999995,8381573.578630811
14600000.00000001,14206495.24239325
6999999.999999995,8762585.636873515
9999999.999999996,9475472.233566746
4999999.999999999,5587033.015017532
9999999.999999996,18059342.40590664
20000000.000000015,25626635.430632316
5951750.000000005,4189366.126149532
44999999.999999985,5267050.205689986
4199999.999999997,9455802.74101462
5500000.000000001,11381989.841164721
9.000000000000002,149.73091719891767
9829999.99999999,8602569.562888514
5060000.000000001,9625053.898346914
3499999.9999999995,5216897.803790742
6800000.0,6080903.525490622
4500000.000000002,6030152.715668206
39999999.999999985,18974411.5958573
7800000.000000004,6734877.014715123
8999999.999999996,12231444.12218673
21590000.000000007,32828019.08575102
999999.9999999997,1863846.4323325125
7199999.9999999935,6714132.14983408
4999999.999999999,4106320.8337386535
2100000.000000001,1875707.2832829098
9.000000000000002,8.99999999999993
6000000.0,5773891.862897572
12000000.000000007,10082312.955880752
4500000.000000002,5667153.034502979
2199999.9999999995,2375116.3199101146
37500000.0,22896666.930210344
22500000.00000001,12885408.202403348
9.000000000000002,8.999999999999927
4999999.999999999,4396936.381348288
3000000.000000001,2489307.2437606594
2000000.0000000016,2422129.4180061254
2599999.9999999986,2511436.3905483186
17499999.999999985,19740453.455356214
11699999.999999993,6368657.200699843
9999999.999999996,12911775.23459298
14180399.99999998,13196980.596374393
6499999.999999999,7961715.140715929
2700000.0,3069015.1178500047
5901499.999999995,5581377.230398259
6999999.999999995,7183784.197113317
20000000.000000015,14205020.160580497
5500000.000000001,5197312.452275548
499999.99999999977,12.043101610061376
3299999.9999999986,3201723.9287000434
6000000.0,5541959.021624268
9.000000000000002,742.7247740265054
5300000.000000001,3256242.9674784117
27500000.000000015,26149862.91088901
5500000.000000001,3575152.0243111863
4300000.000000002,4432620.65075692
3600000.0000000014,4289932.613236782
6499999.999999999,7402536.732875534
6000000.0,6723286.4705026485
6499999.999999999,10006889.147285828
4500000.000000002,6200929.215786197
8094000.000000006,6958403.565188367
5989500.000000005,6678434.944867905
5500000.000000001,6094322.168291585
25999999.999999985,11093071.970413007
14000000.00000001,7177279.128046125
7500000.000000002,4261881.027654079
9.000000000000002,9.168910617597296
4399999.999999997,3243831.467973127
3499999.9999999995,2910846.7370214313
24999999.999999963,7507327.136179252
3189999.9999999995,2362834.93578384
2499999.9999999995,1939316.6145573002
24999999.999999963,14756289.00984029
6790000.000000004,6771844.340509202
4500000.000000002,3946702.1156514306
9.000000000000002,8.999999999999936
12499999.999999985,7212250.860854815
4599999.999999998,4879726.993823658
17999999.999999985,16939693.434765857
4099999.999999998,4258431.608504246
3600000.0000000014,6485277.483088784
1200000.0000000005,3696025.851394715
1849999.9999999995,2414135.734492064
11000000.000000013,6896847.231654217
5950000.000000001,6470529.679391642
3200000.0000000023,2833006.423983426
12151150.999999987,17213226.73345435
9.000000000000002,8.999999999999927
6000000.0,5323997.147783294
12000000.000000007,6785364.944761589
9.000000000000002,639.5298393103776
1600000.0000000012,2615781.8462293716
19000000.000000015,17430020.733911123
5500000.000000001,5566705.440546075
4999999.999999999,5096528.497254033
6000000.0,5231790.316971739
47499999.99999994,60405731.56506581
6300000.000000002,5986785.206182689
1099999.9999999998,1078923.0041460926
14000000.00000001,6382816.69513168
8199999.999999994,11049757.315306941
7751000.000000005,6970948.34644202
9200000.000000004,6636095.171119571
11900000.00000002,5960322.360797648
4949999.999999997,5604957.138441083
4500000.000000002,5521542.248436986
5801599.999999998,5947026.424480789
9299999.999999993,11441292.158133026
5173999.999999996,5503271.813785428
9.000000000000002,8.999999999999936
44999999.999999985,14546730.819078086
5599999.999999999,3671070.54871044
8000000.000000002,6504920.066639339
4500000.000000002,3861615.841522554
16999999.999999974,9659246.398891943
4500000.000000002,5710290.43117598
13000000.000000013,9103899.20735636
7500000.000000002,8635187.11520155
4000000.0000000005,3871000.624822051
6374499.999999997,6274984.369842273
12499999.999999985,11016114.211875422
2499999.9999999995,5273976.645865854
1749999.9999999998,2519142.636869207
36000000.000000045,12276881.516709136
3000000.000000001,3209500.26571582
12299999.999999985,4395004.936060568
12499999.999999985,10462421.40062114
5900000.000000006,6418259.74796201
9141839.999999993,9692494.131885404
9.000000000000002,111.49754284199338
2700000.0,3117174.2390476135
5500000.000000001,5654603.167730894
14499999.99999999,15397384.621981112
4799999.999999999,3754603.5378198293
9.000000000000002,639.5298393103776
3000000.000000001,3805863.5148932682
10100000.000000006,10130210.839333557
6124999.999999997,6418526.468664938
58199999.999999925,59354532.98363341
28899999.99999997,25463059.894159045
3650000.000000001,7689595.18687463
11000000.000000013,18283454.7627509
3600000.0000000014,5516632.983086796
15499999.999999987,20882897.8328017
6499999.999999999,6518110.632984638
4099999.999999998,4161110.6755171083
19407549.99999997,17697920.43728046
5471999.999999998,5196535.2726106625
9599999.999999998,5748528.661921873
3299999.9999999986,4056101.358677909
5774999.999999999,5436036.236831417
5599999.999999999,5705740.075100917
12589299.999999985,12001949.062385224
6999999.999999995,7256756.239872975
12099999.999999993,11014594.593357151
39999999.999999985,51436607.95409606
4000000.0000000005,4794392.699072517
9.000000000000002,8.999999999999936
4700000.000000004,5412150.16572675
15000000.00000001,17990936.291779365
60999999.999999955,9136777.199308144
4999999.999999999,5211858.073823558
20075000.000000026,6018160.4742618445
4799999.999999999,5451987.303582392
11398000.000000015,9713266.439855445
19000000.000000015,8934788.786744874
27999999.99999999,17016282.51720924
8800000.000000006,9712730.907782583
20999999.99999998,32366900.0563573
15000000.00000001,23987809.500510305
15000000.00000001,13375242.32740344
3600000.0000000014,9441678.384833397
11000000.000000013,10867462.402713267
8158500.000000004,8352276.001224249
1800000.000000001,2245562.8329493557
4999999.000000003,5153277.374704157
4000000.0000000005,5024315.403244586
37500000.0,55242203.70886016
6790000.000000004,6073492.789073778
6499999.999999999,17033469.369396877
6950000.000000006,6502559.53047318
5800000.0,5445277.481249605
5699999.999999996,3943792.0335489917
16700000.000000022,17200406.298088994
12799999.99999998,8933451.782157393
9999999.999999996,7135143.29560155
13700000.000000017,11826689.714747606
4999999.999999999,365388.8007138743
9.000000000000002,8.999999999999927
19900000.00000001,13926200.29986407
1650000.0000000007,3140781.752244536
4050000.0000000033,3950642.135533437
7154999.9999999935,10298409.040043551
2900000.0000000014,2757275.038801876
8499999.999999998,7342030.907333076
8999999.999999996,8721116.002794944
20999999.99999998,28809134.350854576
8800000.000000006,10927347.832525024
17999999.999999985,13500812.892914465
4999999.999999999,4354568.759791739
16999999.999999974,27271435.3345863
10199999.999999985,8792512.218154
3000000.000000001,2895008.0417350046
50000000.00000009,24213934.23171411
8586000.000000007,9161097.98870805
3499999.9999999995,4127898.8694277876
8400000.000000006,10279042.218846705
26999999.999999993,15364277.50213759
4700000.000000004,4550684.49311038
30999999.999999978,27540961.96955678
6690000.000000005,8571342.884111667
12499999.999999985,14858116.379844675
4199999.999999997,5387753.079040721
9.000000000000002,8.999999999999936
13000000.000000013,13932696.938488023
6999999.999999995,9062878.909549652
9200000.000000004,8448319.965702778
3200000.0000000023,3029600.431227937
3499999.9999999995,5398966.153239767
12499999.999999985,8454946.727398684
6999999.999999995,5545067.263718727
15599999.999999981,16194759.171052283
4449999.999999997,6331730.691358477
22000000.000000007,14785727.206652481
3351000.000000001,2781534.323679719
3000000.000000001,15083.995665119892
7199999.9999999935,270645.4930433399
4000000.0000000005,7279477.928573826
52499999.999999985,43518651.670783006
4700000.000000004,5375263.9764996
3499999.9999999995,5721700.501886006
50000000.00000009,42888697.20933457
11800000.000000013,10941358.610494427
12499999.999999985,569024.9646728763
2199999.9999999995,2147513.3933816124
7649999.999999994,7915158.535611659
42000000.00000003,22160327.6005544
6300000.000000002,19367975.536944285
5699999.999999996,7180711.33613107
38400000.00000002,36472638.37621777
4500000.000000002,6078379.211093048
9809999.999999987,6265379.780931426
15000000.00000001,24196593.738022573
16500000.000000013,13844123.006708141
18500000.000000034,16548437.711044824
5500000.000000001,4492221.8823793
8499999.999999998,206513.5222378945
4700000.000000004,1029.390326420963
20500000.000000022,8948518.885568898
1849999.9999999995,2445578.270205963
27500000.000000015,26149862.91088901
5199999.999999999,4229763.208531007
4900000.000000004,3883158.3504952043
9.000000000000002,8.999999999999936
15499999.999999987,12840921.149565483
5300000.000000001,6100502.795005778
5100000.000000003,5002234.601325071
3146499.9999999995,3182783.446962322
3499999.9999999995,5051895.765388912
3550000.0000000014,3743173.2964440165
35000000.000000015,31485883.855122056
9.000000000000002,7312671.581292325
3000000.000000001,3564708.687126889
37999999.99999996,20826483.979691096
2000000.0000000016,2597233.196920592
2800000.000000002,6024974.317458799
14000000.00000001,8606917.696445836
7190000.000000004,7120848.213471247
12000000.000000007,12396221.043256344
5800000.0,5390145.758124328
5500000.000000001,5778670.8718155585
67499999.99999988,44434564.29276304
4098999.9999999986,2109.590586615501
3000000.000000001,2446861.1713850573
5800000.0,8028076.175665632
6250000.000000005,6122415.432769303
12000000.000000007,9681131.792014506
50000000.00000009,33804251.00930982
29300000.000000007,38768001.63492011
6300000.000000002,7000395.663203581
4099999.999999998,5265365.246847956
1800000.000000001,7559362.698039598
2250000.000000001,6149282.963094141
6000000.0,6041130.520131123
17999999.999999985,6473526.04409088
19099999.999999978,17851374.33147967
12499999.999999985,13390065.397653032
8499999.999999998,1518397.0595912924
3200000.0000000023,6056787.097234753
24999999.999999963,25067818.133959983
33000000.000000015,15716554.544107538
9.000000000000002,8.999999999999927
11500000.000000019,11005867.166370533
9357799.99999999,8516832.846421296
6000000.0,7361580.90802988
2700000.0,3998939.2039584536
6000000.0,1041798.0952237272
9500000.000000015,4688965.8161549615
20000000.000000015,2217009.9992801542
12099999.999999993,5611839.481743295
7500000.000000002,11236262.525165834
15000000.00000001,15606951.781534292
9.000000000000002,8.999999999999927
6099999.999999996,6162837.498731959
8000000.000000002,4691372.719522309
2905000.0000000014,2811671.4554560613
2599999.9999999986,2219951.4222062672
15000000.00000001,7543774.768242562
6699999.999999995,5303484.336922451
3449999.999999999,659876.071105169
2499999.9999999995,3833647.1898953444
60899999.99999996,41164027.9355465
7500000.000000002,7083076.553503846
2779999.9999999977,4355385.237932294
4799999.999999999,7529692.126638278
39999999.999999985,9501801.34232052
4220000.0,6265.957194832835
6499999.999999999,13081725.302540656
12499999.999999985,33532266.729097366
8123500.000000001,8379155.509697589
3600000.0000000014,3158867.9660167717
8000000.000000002,8261932.903130567
1200000.0000000005,1817732.9467107905
17999999.999999985,16939693.434765857
7500000.000000002,8400252.400757343
9.000000000000002,8.999999999999936
4599999.999999998,4524416.8957516905
6800000.0,19778419.191420373
9.000000000000002,8.999999999999936
22999999.999999974,16360757.571962267
9999999.999999996,10703119.466371499
9.000000000000002,639.5298393103776
5500000.000000001,6270356.935990685
4199999.999999997,7233847.419180239
7900000.000000005,15470686.10912907
9200000.000000004,10642367.286342505
5500000.000000001,3920235.1730181132
15000000.00000001,15752198.247053038
5199999.999999999,6400616.698460472
9.000000000000002,4358.2675907380835
4500000.000000002,6200493.986272198
3000000.000000001,6188920.433412857
8999999.999999996,9481877.935786325
2914821.000000001,2995473.5399557194
3700000.000000002,2426788.709217633
2100000.000000001,5157242.450773683
6999999.999999995,6766284.234641184
7199999.9999999935,5411943.765718149
9.000000000000002,8.999999999999927
2000000.0000000016,2153517.8078373265
3799999.9999999995,6404485.925521569
2499999.9999999995,2571625.5649247747
7010999.999999997,6942238.956744702
2700000.0,3417090.495543998
19599999.99999999,7610751.197240588
2499999.9999999995,6490526.743790888
6000000.0,9371573.369331766
8879999.999999993,8555775.941296099
2000000.0000000016,1286007.920142913
2886999.9999999995,4427425.437320759
18500000.000000034,40769862.67673724
3000000.000000001,2451252.9818247375
17199999.99999998,9546296.735028636
9.000000000000002,2728723.367447991
8499999.999999998,5402513.550864828
9.000000000000002,8.99999999999993
5400000.000000005,6236142.548957336
2950000.000000002,6892397.311894756
7493399.999999994,7527631.474236219
7159999.999999998,5607333.166948451
5124999.999999995,5294107.244514085
3449999.999999999,4823006.941195696
4000000.0000000005,4082237.4300856907
9.000000000000002,8.999999999999927
6000000.0,7308727.163853123
4000000.0000000005,2611119.935272512
8000000.000000002,6052259.700852482
3799999.9999999995,4913416.343659507
2499999.9999999995,2339105.3586790725
27500000.000000015,10.925848125326297
6000000.0,4617618.469886637
6000000.0,5771686.600799227
13499999.999999993,28952835.05420132
8499999.999999998,7924732.802374498
790000.0000000003,1177829.0018834558
2499999.9999999995,3072029.598561781
4000000.0000000005,4832589.566084939
5800000.0,4178477.423456397
4300000.000000002,49218.72433874726
12288000.000000011,9230301.709205337
7800000.000000004,4221943.020774764
9.000000000000002,8.999999999999927
7949999.999999994,8241163.198523749
50000000.00000009,39763338.636854775
8999999.999999996,9231004.240463968
35000000.000000015,19115745.64818364
4000000.0000000005,4172564.7994888695
9.000000000000002,8.999999999999927
8000000.000000002,6744846.169833302
50000000.00000009,8801841.20273947
6681999.999999996,7943542.302854214
3499999.9999999995,4700083.823304594
8000000.000000002,6906771.110320834
7300000.000000004,6765605.929754392
8999999.999999996,2418653.0787364785
6999999.999999995,3760179.4828239623
4500000.000000002,3761780.147814659
4799999.999999999,3038073.048653203
14000000.00000001,16811950.384561263
6000000.0,16007809.098941753
12000000.000000007,7521449.41959683
22000000.000000007,16348347.982032618
9.000000000000002,8.99999999999993
22500000.00000001,16173994.704785636
2800000.000000002,2622944.1368306936
7199999.9999999935,9253756.09358008
4199999.999999997,6638511.159251711
1550000.0000000012,2094692.2021094866
13700000.000000017,9575364.322074233
16000000.000000026,12288179.03280865
39999999.999999985,25513833.178502124
5800000.0,5273487.757869768
12000000.000000007,12949358.676284753
2589999.9999999995,3645492.466651613
13499999.999999993,7773670.885348213
3200000.0000000023,4938991.347051024
17700000.000000007,15403666.504071856
7500000.000000002,7140977.150670239
26499999.999999996,34217149.54277645
9.000000000000002,8.999999999999927
6290000.000000002,10526247.379431553
4999999.999999999,4797647.824240559
11000000.000000013,6578610.763721361
5500000.000000001,5137290.5616515605
3499999.9999999995,2812902.8349637617
3000000.000000001,4456768.67010685
3799999.9999999995,2835079.8967210767
55000000.000000075,42262656.91713911
13000000.000000013,3967818.0333375097
7500000.000000002,7019775.545686249
8989999.999999994,17375175.79208151
9.000000000000002,8.999999999999927
6099999.999999996,5559964.062634783
22999999.999999974,19640009.027490646
2499999.9999999995,2999410.110151917
4000000.0000000005,6062332.137317372
22500000.00000001,28839241.1561983
9.000000000000002,8.99999999999993
2000000.0000000016,2195507.3078768905
3499999.9999999995,3470100.8307686914
10800000.0,4793599.046091419
2911000.0,3609167.3729823306
6499999.999999999,7000300.179264886
2000000.0000000016,1961223.1234104005
6999999.999999995,6107710.238649431
4500000.000000002,4204042.792976709
9.000000000000002,8.999999999999936
4500000.000000002,5268684.062065612
1800000.000000001,4230143.463526284
2000000.0000000016,2529703.767674987
9.000000000000002,11.03659622283215
6999999.999999995,8058364.604986702
2800000.000000002,12741899.281463906
7894000.000000003,9909583.687190942
2400000.000000001,3714656.571441955
4589999.999999998,5591710.353451627
1299999.9999999993,1761993.0979861307
4000000.0000000005,4546465.371648175
5500000.000000001,7987177.588949278
65000000.00000007,52392646.158513024
20000000.000000015,23116177.888809253
46500000.00000003,26532494.779647455
3799999.9999999995,3599326.9719954855
1099999.9999999998,1038182.146194844
2599999.9999999986,2570813.9114230587
20000000.000000015,10474658.868779892
3700000.000000002,2459950.940294411
8999999.999999996,9305.608539001463
5500000.000000001,6063167.1044772575
2119999.9999999986,4023878.09179598
9.000000000000002,8.999999999999936
13499999.999999993,8496211.156735493
6800000.0,8883946.020625066
17499999.999999985,21123595.50736056
2100000.000000001,2401989.0559214223
3200000.0000000023,3692047.1166627095
26499999.999999996,4096708.8680381523
4500000.000000002,4351980.260159936
9200000.000000004,7784204.16042365
5800000.0,6916635.65385675
9999999.999999996,6691253.758466609
60000000.0000001,9547391.755888604
2199999.9999999995,3414079.851910801
7199999.9999999935,6963133.042183233
7498999.999999996,11506848.524434125
3499999.9999999995,4337353.089387092
5500000.000000001,3083284.1166830934
6300000.000000002,6544050.795741703
7100000.000000005,8368696.167559678
7199999.9999999935,7978542.491586437
5500000.000000001,6295656.5206833985
9999999.999999996,13882682.744081268
15000000.00000001,7138173.240524424
1699999.9999999988,1734102.1549773065
8400000.000000006,8412532.326675316
30000000.00000005,34774376.08515541
3900000.000000001,2739502.297703074
6000000.0,5661629.238219602
22999999.999999974,1710558.1391622517
6200000.000000005,6685290.118847781
2499999.9999999995,2158503.189781974
15499999.999999987,15915088.085227929
9900000.000000013,12028150.602106964
5500000.000000001,8017128.07334502
700000.0000000006,866959.5104357523
2400000.000000001,2279270.10161855
60000000.0000001,58151005.42264158
13000000.000000013,16091912.479404977
3499999.9999999995,6561792.607959608
5500000.000000001,5969392.141852308
8918000.000000007,9038291.933954718
4799999.999999999,5314226.465997954
8499999.999999998,12126213.859016262
15900000.000000022,8623020.717946596
13499999.999999993,11109783.872986542
3900000.000000001,3767335.4621746857
4500000.000000002,1664841.151750516
3449999.999999999,3108334.4826290747
6200000.000000005,6558383.216747189
4999999.999999999,8026839.956378728
8400000.000000006,10509664.1732302
2887499.9999999986,3187890.7922725277
9477000.000000006,7879322.4649687195
15000000.00000001,17895641.184871558
8199999.999999994,7093103.756338482
4960000.000000002,6292093.808797131
4500000.000000002,3631401.584301891
4999999.999999999,4246367.936619043
4000000.0000000005,4100875.6992805335
15499999.999999987,17802732.269095596
4698999.999999997,6484458.151076983
8000000.000000002,7244727.972426244
3299999.9999999986,3405246.826716804
2700000.0,5750517.157519771
24999999.999999963,7859255.01612892
7599999.999999995,7571956.1035393635
30999999.999999978,11735468.01062912
4300000.000000002,2335092.7349666245
13499999.999999993,12386265.144401398
4000000.0000000005,3642820.457127255
6589999.999999998,7157969.20267485
5420781.0,6235420.929997144
999999.9999999997,6164588.699856285
2300000.0,5430171.213751161
6499999.999999999,4760106.978686819
9800000.000000007,8124777.0545487385
7428999.999999995,11738242.658062125
3700000.000000002,7990083.976139897
9.000000000000002,147460.2445515057
30000000.00000005,21512078.836487252
3824999.999999998,4035199.037494256
5869999.999999997,6822119.0661956435
3799999.9999999995,3029084.691600389
8000000.000000002,9212667.632017858
7644999.999999995,8554481.631533349
2700000.0,3340441.2847179645
7500000.000000002,7378598.606949432
6599999.999999998,7786631.916642659
15100000.000000026,25261247.296583857
8999999.999999996,16153042.4051839
6000000.0,6835985.953477554
10970000.000000002,6654278.127256919
7100000.000000005,8871873.837756366
14499999.99999999,7714254.684787676
6000000.0,5550225.6637220895
6999999.999999995,16577979.970653448
5919999.999999999,6878942.361056085
15000000.00000001,10590061.415301425
3950000.0000000005,6086731.374420985
8899999.999999996,6022554.961269935
2800000.000000002,8409196.006694172
10199999.999999985,3728158.8881356544
9.000000000000002,8.999999999999927
4949999.999999997,4272649.059977996
2289999.9999999995,2831192.3693885235
4000000.0000000005,5815570.445969797
5500000.000000001,6980952.075984293
9.000000000000002,8.999999999999936
31500000.00000002,9960299.527193958
3400000.000000002,10627522.058829859
2449999.9999999995,2434262.8070881893
5100000.000000003,5874783.934048211
9.000000000000002,8.999999999999936
3200000.0000000023,3656884.6171465586
13000000.000000013,7167471.09843292
7900000.000000005,3922228.460711636
8499999.999999998,7356495.017461212
5599999.999999999,6123185.855114124
9.000000000000002,8.999999999999927
6499999.999999999,16448959.498684712
17499999.999999985,12872509.911408892
6450999.999999998,8893437.946824647
20000000.000000015,14730177.728358753
35000000.000000015,15025762.539024796
60000000.0000001,26240916.349971388
12000000.000000007,24363237.650183875
67499999.99999988,55489986.540584385
8499999.999999998,8857124.899295578
15100000.000000026,8643029.975740124
2849999.999999999,6875014.340234904
5117750.000000002,5135711.951259988
3799999.9999999995,6083553.592413269
20000000.000000015,10687290.651925012
2300000.0,2241519.314273102
15000000.00000001,10915727.988565903
2589999.9999999995,3378415.5764652113
12000000.000000007,5369430.461663946
9.000000000000002,8.999999999999927
9124999.999999989,5950609.503338987
15499999.999999987,12256479.490856046
9.000000000000002,1460.6339262032166
36199999.99999996,22848455.66567993
12000000.000000007,6872448.466541715
2300000.0,3818206.0196188865
8000000.000000002,6087181.842795462
17999999.999999985,8072275.073502756
8999999.999999996,9045264.46316316
5100000.000000003,4947547.718806482
5199999.999999999,7009750.317392729
9500000.000000015,5669721.775176966
6999999.999999995,7356365.498546021
16299999.99999999,16624949.18180864
4000000.0000000005,6990767.0232613785
11100000.000000015,8832755.7974465
18400000.00000003,11642348.073031964
6200000.000000005,6821071.125262372
57000000.000000045,28294573.38827903
3499999.9999999995,3494039.4074115185
9.000000000000002,12.7967443802585
10499999.999999994,7172206.879223596
8499999.999999998,4805812.762933978
3200000.0000000023,3083284.1166830934
3499999.9999999995,4493797.111082907
3499999.9999999995,7527673.931723192
9.000000000000002,1029.390326420963
8599999.999999996,7050923.338176795
4500000.000000002,4541174.432909186
7500000.000000002,7539717.361351738
4000000.0000000005,5747816.481713337
9999999.999999996,9608826.478152348
16999999.999999974,18736405.35376002
3550000.0000000014,6294543.772551655
9999999.999999996,18659191.985891923
9.000000000000002,8.999999999999927
3000000.000000001,8.999999999999927
4000000.0000000005,6300574.523749842
9.000000000000002,8.999999999999936
2400000.000000001,3438205.3206445817
34499999.99999998,30778343.467915464
7900000.000000005,6298669.838056513
4500000.000000002,3477111.3055916713
30000000.00000005,31880941.936458837
18800000.0,19391502.439662382
3000000.000000001,2550.421542444562
8999999.999999996,5876030.267338735
18500000.000000034,23044594.047318216
19499999.99999998,7919399.340402067
22500000.00000001,7691153.005718092
12499999.999999985,10096882.911671277
3249999.9999999986,4972697.394312962
4999999.999999999,5172416.603870268
3900000.000000001,6073561.908394055
11000000.000000013,8385931.504067626
9.000000000000002,8.999999999999936
8000000.000000002,7972815.313494711
44999999.999999985,11006353.074590288
24200000.0,20422489.730384525
12499999.999999985,10779112.954128632
2499999.9999999995,2965824.0631453474
9.000000000000002,8.999999999999927
1800000.000000001,3457910.199102884
9900000.000000013,9478785.347292095
2499999.9999999995,3988681.610624934
6999999.999999995,11612168.356209215
9.000000000000002,8.99999999999993
7500000.000000002,6615314.5830768235
50000000.00000009,38236743.652476996
32499999.999999955,36358397.503632456
35000000.000000015,27996183.64326787
10100000.000000006,5527531.476333215
24999999.999999963,7931313.42032695
9.000000000000002,8.999999999999927
4599999.999999998,6353800.291173045
5500000.000000001,8296750.4209966045
13499999.999999993,9232573.236212978
3373999.999999997,3008995.537217528
8000000.000000002,7512894.812744389
22500000.00000001,24115707.232901827
8000000.000000002,5924308.023648141
15100000.000000026,19862829.82243345
7199999.9999999935,2551306.9129882827
39499999.999999985,10984455.69435353
3900000.000000001,6374776.290465251
2100000.000000001,2402907.1054514144
15000000.00000001,5260304.223301927
7500000.000000002,7763764.211468403
9.000000000000002,871.4529405262815
9.000000000000002,33609.82091800947
4199999.999999997,3083284.1166830934
6000000.0,13162719.809595462
15000000.00000001,13888180.898433302
7800000.000000004,13275963.609175531
2700000.0,4152383.6244378043
9.000000000000002,8.999999999999936
9700000.000000007,8180143.545592815
28500000.000000034,32947876.10469943
11000000.000000013,8377747.68619994
24999999.999999963,19179235.054546688
9299999.999999993,6990073.20862916
1600000.0000000012,2279601.95644699
15956250.000000007,12241637.992488224
20400000.000000007,8316731.664544134
12000000.000000007,7017541.550665646
8599999.999999996,10122471.071969172
8299999.999999997,9210458.68291774
37500000.0,14278181.44706664
10624999.999999985,8538297.500467435
1989999.9999999988,2789374.220330754
3899000.0000000023,3847066.584163229
4300000.000000002,3637171.4684142508
7000050.999999998,2351984.070392991
2599999.9999999986,2505167.7934683464
15111111.000000024,24330446.043528754
11000000.000000013,12806213.692165187
5100000.000000003,5014614.431925016
14000000.00000001,15821963.15663186
3867499.9999999995,3847066.584163229
10970000.000000002,10567079.388570897
9949999.999999983,8538297.500467435
4500000.000000002,7770651.773765384
8499999.999999998,13823938.062686792
13499999.999999993,9780096.244256988
8000000.000000002,15661032.73873424
8000000.000000002,7474762.179886908
2800000.000000002,2843694.4393156813
24999999.999999963,19172201.19736641
15199999.99999998,16384442.104898449
14000000.00000001,8129122.947535367
7800000.000000004,7629214.997055186
4799999.999999999,4343390.595514204
3799999.9999999995,2730701.057772752
2599999.9999999986,2807330.0611481788
5008000.000000002,4976039.473742741
7500000.000000002,7455806.070158052
6368999.999999998,6678434.944867905
25999999.999999985,21034317.793981716
36000000.000000045,31668542.472256538
1800000.000000001,2523748.4868608466
9.000000000000002,8.99999999999993
8499999.999999998,8750513.14567738
26999999.999999993,23749899.497887205
14200000.000000004,7842232.2881754935
3247200.0000000023,2951111.4038072824
499999.99999999977,23262.568927511664
9.000000000000002,279.0696436707983
4999999.999999999,6542947.442103235
9999999.999999996,5743308.901468977
10499999.999999994,9209692.150764648
16000000.000000026,14176708.563999657
8000000.000000002,7887071.447124274
3400000.000000002,6711.251304447713
8000000.000000002,11901846.454008035
4300000.000000002,5101454.12814151
34499999.99999998,32890523.472121373
7500000.000000002,4247416.07757665
14800000.000000004,12171378.82022855
9.000000000000002,8.999999999999927
2000000.0000000016,2056621.6060698011
5199999.999999999,6228987.916151206
6551000.000000003,6246382.440430756
3299999.9999999986,4718663.096488835
12099999.999999993,9172504.228008391
5699999.999999996,2786347.2718989584
60000000.0000001,23473877.403888676
4999999.999999999,1958570.4844383812
18899999.999999974,18651367.364581846
12000000.000000007,6408988.438892254
6400000.000000001,8629842.493456103
19110399.99999997,13495556.455599343
12499999.999999985,9095638.881409876
9.000000000000002,9.74082320238483
18700000.00000003,16881957.2281444
7199999.9999999935,5456739.6463863645
4500000.000000002,4509698.713319745
9.000000000000002,8.999999999999927
899999.9999999995,3880973.300584241
2649999.999999999,2269412.4611500115
3449999.999999999,3700597.8498567482
11000000.000000013,8551132.432255872
2499999.9999999995,4289932.613236782
8000000.000000002,10445180.975914693
3799999.9999999995,3633778.6208316986
7199999.9999999935,8998211.992556524
32499999.999999955,25443051.78531392
3900000.000000001,3823766.903837892
3348000.0000000014,3198249.4162470317
22500000.00000001,8407907.857268738
8000000.000000002,4113130.0031359405
4300000.000000002,6789644.65882723
9.000000000000002,8.99999999999993
7442400.000000003,6732140.814474122
5517199.999999999,195460.9778809384
4960000.000000002,5301790.720169941
4000000.0000000005,5294449.065916267
17499999.999999985,16948994.96151401
5199999.999999999,6114496.087111578
6000000.0,5992750.829987829
3799999.9999999995,2375659.633830447
6599999.999999998,7309588.975631118
4500000.000000002,8060634.929759894
1499999.9999999986,1598897.9955579487
4500000.000000002,12191168.760944014
2000000.0000000016,4603326.959392533
11500000.000000019,12349710.053367302
10499999.999999994,15769579.627695715
9999999.999999996,4716419.176698057
8027399.999999999,7733987.626391266
1200000.0000000005,1237149.8479762399
9999999.999999996,23108001.59400474
9.000000000000002,1663.158620607983
8000000.000000002,8540905.78322109
36000000.000000045,8860625.9033516
6499999.999999999,2139370.7220897903
4500000.000000002,2680980.958212561
5699999.999999996,5764179.559633063
2499999.9999999995,4244576.685348686
6999999.999999995,4676045.802189307
11500000.000000019,10270580.317323122
4999999.999999999,9551406.296792097
4500000.000000002,3261048.1324745063
12920000.00000002,10566100.140295949
3499999.9999999995,3308211.308816089
1849999.9999999995,2787.869842041739
9.000000000000002,10.925848125326297
4799999.999999999,5173287.341181321
6000000.0,3538276.9783546883
13799999.999999985,7348658.109630823
5500000.000000001,11043383.421861235
5800000.0,3195412.7400136623
15000000.00000001,7140812.398641413
2800000.000000002,3424372.857996431
5500000.000000001,4819199.164737899
12000000.000000007,17914708.080271486
4000000.0000000005,4672246.489578258
3000000.000000001,4720429.34838111
13640000.0,14802473.853802348
3099999.9999999986,1879605.0043998398
12499999.999999985,8937304.144246671
2700000.0,2240317.8234561896
5699999.999999996,4862871.053917998
8999999.999999996,15362100.741174787
6589999.999999998,6913114.891561147
20000000.000000015,23116177.888809253
3000000.000000001,2205498.080051621
2800000.000000002,3863336.0234433888
6400000.000000001,6195652.986620036
800000.0000000005,8076003.849585561
2000000.0000000016,2984128.7177580995
8209999.999999994,8126478.030943005
9.000000000000002,9.664864048174374
4490000.000000003,8448774.743587386
18800000.0,10102966.41684427
15199999.99999998,12389057.70951329
10399999.999999989,5572641.787784273
9.000000000000002,8.999999999999927
3000000.000000001,5194180.052635047
2300000.0,2068680.8194057771
9.000000000000002,639.5298393103776
6499999.999999999,6248673.704680406
9.000000000000002,35.4300726429379
6499999.999999999,4944492.662112
7208000.000000005,7967661.78492623
9299999.999999993,10152899.40388221
5800000.0,33609.82091800947
7400000.0,14102087.11985999
10800000.0,27170415.214003205
52999999.99999999,54061633.341904715
6499999.999999999,5892526.280492291
1800000.000000001,2660621.1943308087
2499999.9999999995,4027042.787717439
17499999.999999985,8780432.397397032
39999999.999999985,17342670.262941856
5741281.000000001,6235420.929997144
1753000.0000000007,2208406.4625074025
9.000000000000002,8.999999999999927
7500000.000000002,7702120.053940434
15100000.000000026,16166491.909450829
6800000.0,5532032.624252074
9999999.999999996,5652427.697411456
8000000.000000002,4067457.6885725614
2599999.9999999986,2026457.2103662575
6000000.0,8020330.414745562
3219999.999999998,3065168.6926788
5500000.000000001,2051986.7461957454
6499999.999999999,8602051.760503717
5500000.000000001,6318453.710135399
39999999.999999985,49533207.168998115
8499999.999999998,8165660.687413306
11000000.000000013,11113256.58461377
45100000.00000002,36191673.04698081
10499999.999999994,13329155.92969251
2425124.999999998,3421978.2378935586
4500000.000000002,4383016.716717889
9200000.000000004,31126790.529905792
30000000.00000005,16892061.62861754
9.000000000000002,215.97854632189154
5500000.000000001,640002.753828188
8499999.999999998,7674530.538684194
471900.00000000023,3087439.177976514
69999999.99999991,62819127.861316815
3700000.000000002,3448915.8793829386
4999999.999999999,3911787.2033278993
12200000.000000017,8497572.480133167
2000000.0000000016,5019122.227598136
2800000.000000002,2618409.347159348
4500000.000000002,5272033.291328541
6499999.999999999,7255954.061898858
39999999.999999985,30711365.289674025
9999999.999999996,6188560.226721334
3799999.9999999995,4096861.9270810196
5500000.000000001,6678099.805297848
9999999.999999996,5999099.414967659
6999999.999999995,4095409.3949167584
13499999.999999993,11511301.876572557
6999999.999999995,5344689.723904926
2800000.000000002,4766716.85474137
4500000.000000002,3212287.643709176
44999999.999999985,26662550.850724712
9.000000000000002,12.7967443802585
9.000000000000002,8.99999999999993
2000000.0000000016,2407063.9860349703
4999999.999999999,6496764.153657873
8499999.999999998,6945362.535318861
7584999.999999996,7463704.052534585
15000000.00000001,8004869.688973021
3000000.000000001,3954460.892612545
4999999.999999999,5544975.877977106
6384999.999999999,7634957.037737493
9.000000000000002,8.999999999999927
2599999.9999999986,3640406.9043804165
42500000.00000005,4358.2675907380835
21500000.00000001,42395720.91897977
9.000000000000002,23.823087531123956
5599999.999999999,4821285.221661508
2640000.0000000005,5525672.219507593
5250000.0,6740201.640366923
6000000.0,6187158.558394373
9.000000000000002,8.999999999999936
21596999.999999974,19088956.958001647
9500000.000000015,9400041.001908684
6999999.999999995,6189564.145280429
1800000.000000001,2594944.8955628406
6200000.000000005,6080579.416703012
8499999.999999998,6716336.414697432
2449999.9999999995,3043268.1101669967
7100000.000000005,7895304.901637792
5100000.000000003,4234460.37731184
5199999.999999999,4749022.171553521
6200000.000000005,7634373.141199619
3299999.9999999986,8054308.799860641
3299999.9999999986,3052237.2656840063
5500000.000000001,3625070.0220355503
6499999.999999999,6869106.222545206
40400000.000000015,35625973.917528115
9999999.999999996,8082610.940989455
3000000.000000001,4551608.928059688
15000000.00000001,13162586.856569082
1600000.0000000012,1630497.6312299566
9.000000000000002,8.999999999999927
5500000.000000001,5613245.940378051
9.000000000000002,8.99999999999994
5500000.000000001,7078496.80583321
3499999.9999999995,3088308.9690906443
5460000.000000004,4968700.6780745
9993500.000000006,9221785.495351488
4000000.0000000005,3220667.4194445433
9500000.000000015,7657976.623875976
6800000.0,4502322.474636152
4999999.999999999,4107660.119192707
22000000.000000007,10224089.876358245
24999999.999999963,9547408.816908745
69999999.99999991,3622101.525221505
35000000.000000015,103789.23320409382
13000000.000000013,31963379.54959395
10990000.000000002,12178023.565363424
15000000.00000001,19667860.55358173
60999999.999999955,60037702.93579518
17999999.999999985,15662296.233832696
3900000.000000001,4872221.3113843575
5341346.999999997,5438329.036656902
6499999.999999999,5376746.473713858
2100000.000000001,2565985.0194105674
9.000000000000002,8.999999999999936
4199999.999999997,3204281.598269389
18500000.000000034,11263270.338595811
6999999.999999995,7545921.541757638
27500000.000000015,13512982.74699522
6999999.999999995,4914517.071412277
6999999.999999995,6219627.065885706
2800000.000000002,4399335.798929746
4399999.000000002,5084428.266377963
14000000.00000001,14390360.021087062
8499999.999999998,3340057.3857301986
9.000000000000002,6711.251304447713
5599999.999999999,5370744.330012839
16500000.000000013,11702141.592390534
13799999.999999985,17606063.435401328
11199999.999999998,8252596.051236063
2000000.0000000016,2992565.779661187
999999.9999999997,2341448.9745996483
4500000.000000002,4947048.732077988
2000000.0000000016,1544650.5340239117
9800000.000000007,7732244.82557785
9500000.000000015,12751129.066641398
9.000000000000002,8.999999999999927
5500000.000000001,5149678.797756917
6499999.999999999,7723019.067477727
17499999.999999985,12764096.944378791
4000000.0000000005,2244177.5514690443
27999999.99999999,45285448.36969525
4500000.000000002,6359341.366163272
1749999.9999999998,3322481.2199664447
19000000.000000015,13518515.369609386
4999999.999999999,876430.1631623502
7500000.000000002,6263053.011947619
9999999.999999996,7656382.576962799
3774600.0000000033,4295219.542721496
4199999.999999997,3689381.007929513
21799999.99999997,24360765.59958112
5199999.999999999,4136534.1543220826
9.000000000000002,2759628.4544583717
5500000.000000001,5771193.0189793
3299999.9999999986,4197388.75715192
6000000.0,6992760.422850505
5100000.000000003,6356746.073289796
4000000.0000000005,3692336.842163235
5500000.000000001,1857758.0670296627
4500000.000000002,3640615.73082116
9800000.000000007,7100142.036249051
2199999.9999999995,2095740.2130956545
12499999.999999985,9697690.63988627
27999999.99999999,6686263.638991441
4000000.0000000005,2417383.2001501243
1699999.9999999988,2420122.6362287314
4199999.999999997,4274753.038377704
10454999.999999983,11690275.429469168
6999999.999999995,6973559.4403824145
10263999.999999983,9313822.339304961
6499999.000000005,6748505.734843325
6000000.0,9520765.271837208
2000000.0000000016,3676327.254300069
3000000.000000001,10488392.873026544
4199999.999999997,4143869.296682746
3299999.9999999986,4905736.239865057
5671319.999999995,6235420.929997144
20659999.999999966,14895066.975952258
13499999.999999993,13459727.423452105
4500000.000000002,3141412.320778989
2000000.0000000016,2569117.6832238585
13000000.000000013,7955113.561493933
6499999.999999999,6063703.09028314
7599999.999999995,6364509.0007486325
2499999.9999999995,5454405.4891015235
9999999.999999996,8801164.512630947
9.000000000000002,8.999999999999936
8999999.999999996,16160890.52337277
3099999.9999999986,2634357.240951663
9.000000000000002,9.664864048174374
4000000.0000000005,4929525.452060398
8000000.000000002,10101160.05489513
32499999.999999955,41451141.46765611
6187999.999999994,5503271.813785428
18500000.000000034,17727801.8484889
9500000.000000015,6167204.882159562
8999999.999999996,5160601.320711842
9999999.999999996,5839516.6580938455
15100000.000000026,12940286.081163945
7500000.000000002,9446361.563721508
14499999.99999999,9660131.681109494
2499900.000000001,3730919.653646331
9.000000000000002,12.7967443802585
4599999.999999998,1448.2388394652005
5900000.000000006,7851775.594127627
8499999.999999998,7570255.337564338
9500000.000000015,6543720.066519023
4199999.999999997,2659583.3504978213
4199999.999999997,4459785.978366574
6999999.999999995,8415071.651983041
8999999.999999996,5428322.023078928
9.000000000000002,8.999999999999927
52499999.999999985,35913863.471864134
4650999.999999997,5329066.495026596
6200000.000000005,9300764.224087942
4490000.000000003,5481028.753850853
3099999.9999999986,3258193.510947264
6999999.999999995,3465.960412814321
9999999.999999996,7814739.679872206
9.000000000000002,8.999999999999927
3000000.000000001,4577779.152010251
6499999.999999999,6322742.035092795
9.000000000000002,8.999999999999927
3000000.000000001,2789982.055806798
7500000.000000002,7577015.434716606
6000000.0,5687095.308698368
3000000.000000001,4293548.931481934
52499999.999999985,37829252.48288425
24999999.999999963,9250256.374465507
9.000000000000002,9.168910617597296
2540000.000000001,3524535.238896298
30000000.00000005,34339470.69836752
14000000.00000001,17844566.554902844
3499999.9999999995,2863386.411125089
2400000.000000001,1714878.2282878463
5199999.999999999,4909296.607888719
8499999.999999998,380828.7219459785
9.000000000000002,111.49754284199338
9.000000000000002,8.999999999999927
5500000.000000001,7804265.085204984
4500000.000000002,5077291.02263313
8000000.000000002,6693577.581564514
9.000000000000002,8.99999999999993
9.000000000000002,8.999999999999936
8000000.000000002,7452396.868560244
2900000.0000000014,3155703.5526703773
2499999.9999999995,3997321.8341168524
3000000.000000001,3995703.4615231827
15000000.00000001,11637151.74802148
2499999.9999999995,2421049.49232402
14000000.00000001,9323888.17718201
11199999.999999998,14952163.742114926
2887499.9999999986,3287823.209934404
1200000.0000000005,383226.2687877983
24999999.999999963,18158419.57779318
7509999.999999996,10621978.457518846
5599999.999999999,5887266.576270938
3600000.0000000014,5772128.849400787
6999999.999999995,9041281.836660413
8199999.999999994,4321589.149964387
5199999.999999999,5387936.502939662
3200000.0000000023,7082040.588943459
12000000.000000007,9814369.549605032
6499999.999999999,9011299.805569593
17499999.999999985,11462964.566872817
7199999.9999999935,9372986.79360078
8499999.999999998,1230341.7714175587
3499999.9999999995,3200904.500589471
16500000.000000013,9804406.563906573
2199999.9999999995,3706824.023163315
2649999.999999999,3513204.6314822785
5599999.999999999,5683173.287275071
4000000.0000000005,2051986.7461957454
44999999.999999985,24944845.398618657
9.000000000000002,8.99999999999993
1499999.9999999986,1633050.7817505444
2700000.0,10874278.1597082
2400000.000000001,2372291.42293421
9.000000000000002,8.999999999999927
6599999.999999998,5510127.984641664
3072999.999999999,3340460.924376749
6000000.0,6217176.270476203
2499999.9999999995,3730303.176158543
35000000.000000015,8881986.126193834
2400000.000000001,3032914.507303764
2100000.000000001,3076525.5434569037
8370000.000000002,9161097.98870805
17499999.999999985,22548450.78789689
3299999.9999999986,2491774.6494803787
5790000.000000004,5344200.731023522
6583500.000000002,6504692.654447054
7224999.999999999,5294107.244514085
7199999.9999999935,5907643.572293125
4999999.999999999,3157169.321152072
19499999.99999998,23738039.54556221
4443999.999999998,5407833.087280112
2700000.0,2868047.6297400696
6499999.999999999,6971461.277397461
7500000.000000002,6573153.8430849165
13000000.000000013,9339073.196698207
11500000.000000019,6859396.338275855
11699999.999999993,8521736.3933133
43999999.99999999,40400121.99548634
6300000.000000002,18955295.369600445
43499999.99999997,24577991.522561446
16000000.000000026,16283936.980477475
4300000.000000002,5647212.5706521785
2289999.9999999995,2877998.530068168
4500000.000000002,8548375.009644354
9466450.000000017,7864385.213395369
9.000000000000002,7327109.843541114
5774999.999999999,5032375.422564818
7500000.000000002,10361917.938968707
6000000.0,8416856.48599349
2199999.9999999995,2134770.5640344247
5730999.999999997,5275273.856327942
6999999.999999995,10260600.282733886
3499999.9999999995,4287195.183332794
3498000.0000000023,3511814.6281342646
5199999.999999999,3294330.7642678157
50000000.00000009,32722055.247756567
22301499.999999993,23212733.61681447
2726999.9999999995,2589637.4973808257
7700000.0000000065,10773568.454197215
5931499.999999996,5215750.280698689
8594999.999999998,11581536.070175493
8084999.999999999,6725752.673369185
18500000.000000034,17033490.55752185
9.000000000000002,82.66150608389405
3499999.9999999995,3375137.607395885
44999999.999999985,30786489.612355407
6000000.0,7215179.1251274245
800000.0000000005,1244198.9201034415
9.000000000000002,8.999999999999927
6499999.999999999,5614346.275967818
7050999.999999994,7843861.173446926
12499999.999999985,2750693.492967551
57000000.000000045,9584553.903910644
26999999.999999993,25793164.216589987
8499999.999999998,5936323.935022077
2925999.999999998,3324172.458423238
7840000.0000000065,6945908.698537749
7800000.000000004,2020989.9229899189
9.000000000000002,11313962.182921292
11950000.000000011,11574933.401949562
21400000.00000002,27050749.278480038
3799999.9999999995,3658812.735812625
5124999.999999995,7768390.967831407
9999999.999999996,17751243.868521467
2499999.9999999995,2887108.7005995675
33209081.99999998,35027792.346836485
1699999.9999999988,2213013.7983512226
4000000.0000000005,4704274.024243556
2000000.0000000016,2383544.6629401674
6690000.000000005,7031317.995612758
6499999.999999999,953187.548456867
12499999.999999985,7698510.63837347
8000000.000000002,9505954.154423071
6499999.999999999,8988303.526140839
9.000000000000002,8.999999999999927
27500000.000000015,14394735.299108017
11657100.000000011,10298409.040043551
2499999.9999999995,7701843.452600918
5400000.000000005,10211319.917943805
4500000.000000002,4604047.07080694
9.000000000000002,8.999999999999936
27700000.00000005,24999039.061943654
1150000.0000000005,2075752.6346564507
5500000.000000001,6626531.839749025
4250000.000000002,5777685.358343159
19499999.99999998,16491027.259567758
3499999.9999999995,4473684.444049698
2599999.9999999986,2536273.7050841814
9.000000000000002,8.999999999999927
9.000000000000002,8.999999999999927
69900000.00000009,23973514.492376693
22999999.999999974,11728612.443008319
17999999.999999985,27240800.34664223
11000000.000000013,10508865.08556868
530000.0000000003,4364778.411187858
9999999.999999996,9974654.552923728
39999999.999999985,14908276.427339662
6000000.0,758595.2352833839
9.000000000000002,8.999999999999927
6603381.999999998,7804278.148432223
17499999.999999985,8861449.390814442
3877999.999999998,3847066.584163229
6890000.000000002,6645196.283584536
3499999.9999999995,7008419.94726649
16000000.000000026,4947108.364769546
28532999.999999963,15162045.810514754
3000000.000000001,3010982.458556451
5500000.000000001,9253755.009465761
9.000000000000002,8.99999999999993
4900000.000000004,6376726.956523137
12000000.000000007,11686300.621983666
8199999.999999994,6988105.080950699
6874999.999999995,6241050.192017882
17999999.999999985,10859421.493149834
6203999.999999996,7004136.092812875
12000000.000000007,7872006.554097699
4799999.999999999,5451290.738610979
4500000.000000002,3942191.798220408
15000000.00000001,24403130.07322087
9.000000000000002,8.99999999999993
22500000.00000001,21092915.88202612
6984620.000000002,6404205.272636722
3000000.000000001,6276675.722618554
31999999.999999955,49498581.99470906
8639999.999999998,10007157.582454229
4130999.999999998,4905131.868372508
1251000.0000000005,1753334.2578065097
6828000.0,6612302.070435754
6800000.0,7152597.427941436
2000000.0000000016,3721662.1438652095
13499999.999999993,17433112.846330922
7500000.000000002,6740475.379840685
9500000.000000015,11064815.07890296
9.000000000000002,8.99999999999993
15000000.00000001,12427121.943198448
8480000.000000004,7517005.031031204
42500000.00000005,48049906.60115663
9.000000000000002,112.54867002268523
5300000.000000001,8423493.470468536
48999999.999999955,35660600.71449792
2835000.0000000005,2934068.7922913767
6200000.000000005,5162526.40906705
65000000.00000007,52727818.50804491
7599999.999999995,7380825.452676635
16500000.000000013,12163794.74760434
5500000.000000001,5064717.151721461
2550000.0,3012900.997959531
7500000.000000002,6828950.3402867215
11299999.99999999,9899855.425060358
12499999.999999985,23996933.211683866
9.000000000000002,8.999999999999927
3824999.999999998,3630144.3828331768
5167500.000000002,4478590.632209316
3000000.000000001,3179137.872978802
8000000.000000002,4993638.898367587
4900000.000000004,13782385.69167114
2499999.9999999995,2058972.2589619847
20999999.99999998,16868027.21603712
9.000000000000002,8.999999999999927
6000000.0,8278380.723041129
3850000.0000000005,3718806.4618997467
5621000.000000005,4812268.685315244
4700000.000000004,4824076.195493471
54799999.999999955,36057360.13992962
4280000.000000002,5418327.97984835
5032799.999999999,4948900.404131112
69999999.99999991,55654672.56675989
2499999.9999999995,3532623.3120291084
2000000.0000000016,2258095.322162078
9299999.999999993,9743237.429806218
9500000.000000015,1149.9580997259297
8999999.999999996,8035546.305061821
5500000.000000001,5948243.155058393
6699999.999999995,7899655.049237435
7900000.000000005,7018197.059786658
5500000.000000001,6620211.211469592
4599999.999999998,4706875.313771561
9.000000000000002,80.9234716621627
3249999.9999999986,4082237.4300856907
2199999.9999999995,3295101.66196113
2199999.9999999995,2231759.1075833254
3499999.9999999995,6789245.385453288
3000000.000000001,12564720.51878255
12499999.999999985,19512319.550475296
6300000.000000002,5280202.645619273
1989999.9999999988,1519113.3375662568
5075000.000000001,10122256.524137665
12000000.000000007,9647769.179341216
16949999.999999978,18024735.321782824
6849999.999999996,5696991.056534883
4000000.0000000005,7908321.677498075
4599999.999999998,3858908.29049622
12000000.000000007,1514052.4995742205
6800000.0,11058147.58507204
19499999.99999998,21083998.23523477
5500000.000000001,6813207.832019236
3000000.000000001,6584554.2715882305
20000000.000000015,12953588.32222215
3600000.0000000014,5627214.427875315
4000000.0000000005,8864205.347811049
10320000.000000011,9858184.463033719
15834000.000000026,16020923.95236766
2300000.0,1961223.1234104005
5900000.000000006,16045869.784008242
2588999.9999999986,3243653.615157449
12000000.000000007,8067148.778993233
2499999.9999999995,3181497.452902739
9.000000000000002,8.999999999999936
9599999.999999998,10822672.77686076
24999999.999999963,6116024.085985395
3099999.9999999986,4922477.904727369
7500000.000000002,9436495.280306185
16500000.000000013,24803278.445482336
3600000.0000000014,6639920.720599445
1800000.000000001,5399345.31238814
15499999.999999987,9528835.685815478
4500000.000000002,2969265.5241879644
9.000000000000002,8.999999999999927
6000000.0,10492963.799223298
4697549.999999999,3846582.302679309
6159999.999999997,6194696.69830425
7900000.000000005,7711901.519734991
5500000.000000001,4012160.873583503
8650000.0,8394896.220743602
8260000.0,10686217.426436732
11000000.000000013,8249503.3277960885
4799999.999999999,7486578.9251070665
20000000.000000015,10441736.50799314
3700000.000000002,3544188.859130384
8499999.999999998,10967373.895578591
2250000.000000001,2180611.7035501366
2649999.999999999,2431116.5766617237
8999999.999999996,8535838.247292781
2300000.0,1997240.8237395599
3499999.9999999995,4180233.8162047258
8899999.999999996,6963097.27506265
5500000.000000001,4755604.029352147
26499999.999999996,11077396.875506321
4399999.999999997,7139976.69818152
8000000.000000002,8757399.195638496
4199999.999999997,5282504.607045936
9.000000000000002,8.999999999999936
8199999.999999994,7558087.7903785445
6499999.999999999,6136639.1477799555
10499000.00000001,10354082.155537726
3499999.9999999995,3992955.2307605096
2800000.000000002,2856658.9951910586
17999999.999999985,22083712.810899016
3099999.9999999986,6189720.4727411335
57999999.99999995,6536925.756808252
9.000000000000002,8.999999999999927
8499999.999999998,6249574.584594621
8499999.999999998,7019906.380959522
5450000.0,3994160.9457071014
8400000.000000006,6927218.295584131
4500000.000000002,6051636.888505998
11500000.000000019,10194132.949443774
5500000.000000001,4684352.460300389
2950000.000000002,4508334.386206374
9.000000000000002,9.497815504857419
9200000.000000004,18608375.03002362
9999999.999999996,9023102.863518579
24999999.999999963,42175042.311132215
4900000.000000004,6739945.905345102
6999999.999999995,20858352.106822845
50000000.00000009,47482441.48374231
7989999.999999995,7890343.597439687
6999999.999999995,20620.30641922505
30000000.00000005,30437500.687777836
7500000.000000002,11182328.777173683
9.000000000000002,639.5298393103776
2058999.9999999988,2970844.082281757
6300000.000000002,5225272.658906652
5199999.999999999,5623529.649602452
36999999.99999993,13331290.032264613
5199999.999999999,7499196.559371668
4999999.999999999,6333760.335087849
8000000.000000002,7352115.724393727
9.000000000000002,8.999999999999927
1400000.0000000007,1299885.660482898
9.000000000000002,8.999999999999927
3499999.9999999995,3532782.3345459197
9.000000000000002,8.999999999999936
8000000.000000002,3208351.849418529
56000000.00000003,55726553.65975841
7199999.9999999935,7379683.808101824
35000000.000000015,21068879.669555683
4900000.000000004,6429840.783103568
3700000.000000002,5515069.544266777
6999999.999999995,4405066.423753407
6499999.999999999,12645560.825238999
11000000.000000013,1369527.7464082616
13000000.000000013,11755295.399986573
5950000.000000001,6934460.344132533
9.000000000000002,8.999999999999927
6491224.999999996,7383022.1657244405
4199999.999999997,4956200.22553334
60000000.0000001,18627300.129959494
2199999.9999999995,1756700.4719478204
6999999.999999995,8633816.660485761
3499999.9999999995,1029332.4948492761
17800000.000000004,17942968.140064318
6499999.999999999,4693133.999421697
39999999.999999985,28299796.038697418
39000000.00000001,20442753.91938631
3000000.000000001,5210031.496643463
16600000.000000017,10403587.075006543
10147500.000000006,12889171.386523629
10323000.000000013,9168532.932770884
8164949.999999999,5028187.265215211
8000000.000000002,7236324.516647794
8075600.0,8303705.699065325
10646999.999999993,9796295.307419207
1150000.0000000005,1227984.5125920358
6899999.999999999,5404990.965418732
4799999.999999999,4608778.717696022
24500000.000000007,21604008.932172123
6000000.0,4717135.22510271
7500000.000000002,5726328.936040288
4500000.000000002,5086528.16147983
7199999.9999999935,7339008.600561575
3700000.000000002,7022578.390804386
6629999.999999995,7257980.386919371
9.000000000000002,4617.341543053078
69999999.99999991,26036486.537562396
3499999.9999999995,3924518.7081886968
4500000.000000002,6081114.009078026
8000000.000000002,10407364.612091389
4000000.0000000005,4565641.840264497
33999999.99999994,10088381.357440308
7277200.0000000065,7410162.434718779
9.000000000000002,8.99999999999993
9500000.000000015,8617587.014105141
22999999.999999974,24448692.009985756
8000000.000000002,16766458.290131424
2100000.000000001,2131936.9598605204
4199999.999999997,5832656.957710418
3099999.9999999986,2617919.683154576
1800000.000000001,4151106.683055538
4250000.000000002,4719298.606117179
4900000.000000004,4443799.008834979
8020999.999999997,8814516.106248714
9719999.999999983,9161097.98870805
3499999.9999999995,4459917.292767714
15000000.00000001,28594276.369737763
2300000.0,3154880.291360388
13000000.000000013,21025710.128165573
23500000.00000002,26149862.91088901
8000000.000000002,24046506.98678662
3600000.0000000014,2796863.6910708635
6413000.000000005,7843861.173446926
4099999.999999998,2667877.0443780995
54200000.00000008,39324450.645103544
9.000000000000002,8.999999999999927
5500000.000000001,5205490.637312376
31999999.999999955,45046862.31610253
9.000000000000002,8.999999999999927
3110999.9999999986,3200831.631284001
3600000.0000000014,189871.17454879737
4641999.999999996,6082493.763503312
5199999.999999999,5802803.264480235
7500000.000000002,5254171.724026147
4849999.999999997,4074649.2354974407
4999999.999999999,5284467.078498092
6499999.999999999,8182214.789941311
3299999.9999999986,4701804.383840242
6999999.999999995,6510976.453695339
4199999.999999997,4268602.182557739
3900000.000000001,5375620.026708333
5500000.000000001,5862348.117983643
12499999.999999985,25092946.67508643
4000000.0000000005,4046281.5729414625
31500000.00000002,28458528.41248088
4799999.999999999,7738575.28378569
625000.0000000002,918480.1905734543
9.000000000000002,8.999999999999927
20000000.000000015,32728784.013985023
2499999.9999999995,4337914.771374142
6899999.999999999,9195981.851906236
7500000.000000002,8034057.962046043
11500000.000000019,9930648.197517145
9.000000000000002,8.999999999999936
1099999.9999999998,1627608.8554003364
9900000.000000013,10589812.708276778
3299999.9999999986,3501565.5525901015
20000000.000000015,13405428.127038842
6999999.999999995,8521935.483331786
8000000.000000002,5160728.898362872
10399999.999999989,10134695.172728665
15000000.00000001,9212626.179047683
6280000.000000002,7540014.328219473
5900000.000000006,2836722.616022112
2199999.9999999995,3901006.80869714
12499999.999999985,7764262.240351633
38500000.00000002,15655076.58702175
9.000000000000002,8.999999999999927
6800000.0,5496851.41563836
35000000.000000015,34517285.12860969
4066920.0,5283011.000904135
9.000000000000002,8.999999999999936
9.000000000000002,8.999999999999936
26999999.999999993,24670435.012804866
4300000.000000002,3969584.4665501323
16200000.000000024,13064493.967961326
8499999.999999998,17429251.593578283
3200000.0000000023,3045009.0775636323
30000000.00000005,7135143.29560155
21500000.00000001,20177059.444641557
12000000.000000007,4058598.924897014
5500000.000000001,6111379.601940809
12000000.000000007,13256667.640905079
2499999.9999999995,2429592.57145425
15000000.00000001,4012160.873583503
3000000.000000001,6608544.265711037
26499999.999999996,36099268.95595279
8000000.000000002,8101444.3394962475
9200000.000000004,7807181.309624506
1499999.9999999986,5330040.850228348
3200000.0000000023,3546882.378200447
2499999.9999999995,2805783.3218917414
2499999.9999999995,4017021.5539082177
4799999.999999999,4602589.731473768
4000000.0000000005,3645800.1669618124
4599999.999999998,4431668.672431046
6699999.999999995,6230704.064589893
49500000.000000075,41730879.21556192
10499199.999999983,10566100.140295949
7500000.000000002,9363285.187014367
8499999.999999998,7481100.126827806
24000000.0,19892362.167428788
9.000000000000002,33.59819967590191
3284999.9999999995,3888660.9097773912
5800000.0,10098969.767603826
5800000.0,7269675.848541509
1600000.0000000012,3276831.270318286
11500000.000000019,12144548.072858933
69999999.99999991,46728068.37453372
9.000000000000002,8.999999999999936
6525000.000000004,7695694.342645292
33350000.000000004,14454019.382488782
2990000.000000002,4585628.4218990235
30000000.00000005,11491442.04566582
5199999.999999999,5715674.723535484
16000000.000000026,174660.2317624823
35000000.000000015,4182409.8919848297
3000000.000000001,4867335.402028493
4000000.0000000005,3860779.7701936522
8499999.999999998,8973852.025901318
2000000.0000000016,3213618.0827901703
1690000.0000000007,3876243.7042864757
2000000.0000000016,3191357.5994907776
12000000.000000007,14284864.63260717
3091999.999999998,8697724.75677558
8499999.999999998,16180258.536266724
6599999.999999998,5516042.543247819
4940000.000000002,6236657.402487752
2199999.9999999995,2493443.257103976
9.000000000000002,8.999999999999927
9.000000000000002,8.999999999999927
9599999.999999998,11105107.947655363
15499999.999999987,12419826.33973892
5599999.999999999,5807793.488364032
8000000.000000002,8118484.185705477
7500000.000000002,4669585.876680418
33000000.000000015,33654350.17644476
9900000.000000013,9719746.108524952
9.000000000000002,8.999999999999927
1249999.999999999,2191954.039421242
5500000.000000001,7855353.566372022
30000000.00000005,34140938.30717945
34240000.00000005,31609110.887081087
8499999.999999998,3298980.685737083
13300000.000000011,14234735.50342385
4500000.000000002,3618032.0605684128
2800000.000000002,4127146.1405457375
9099999.999999985,7666947.8573772665
2000000.0000000016,1757238.078513914
7319999.999999996,7046891.137430067
5500000.000000001,6627729.444828879
8499999.999999998,8650173.641323742
9.000000000000002,8.999999999999927
17499999.999999985,15073358.892217603
4000000.0000000005,6293199.98655152
7500000.000000002,307789.5662328811
14000000.00000001,8.999999999999927
2975000.000000002,3985553.252667052
9.000000000000002,639.5298393103776
1055000.0000000007,3289095.0265581636
7500000.000000002,8342927.212280215
6999999.999999995,8907996.388472375
6999999.999999995,7076974.20472419
18500000.000000034,7847503.577045947
10499999.999999994,6599514.8043454215
16000000.000000026,1065403.0235692726
2199999.9999999995,2242447.640319212
3499999.9999999995,3058686.8935814695
12499999.999999985,10533937.96117912
4399999.999999997,6934173.509928199
4500000.000000002,4417533.186257856
4250000.000000002,5278122.309830126
6350000.0,6765605.929754392
17499999.999999985,23828563.31558708
10800000.0,13337141.300117176
6499999.999999999,5307888.066368271
19000000.000000015,5162469.850893756
24999999.999999963,9716913.860196326
7560000.000000001,4710822.132082809
5500000.000000001,4799740.262694215
12499999.999999985,5957855.395246612
50000000.00000009,56150903.23548966
7249999.999999998,7756502.7488084305
8699999.999999994,9545515.779404618
4199999.999999997,4011019.592005523
35000000.000000015,27054792.9672416
3200000.0000000023,2531342.8287284626
9.000000000000002,8.999999999999927
6999999.999999995,7181372.447279335
6400000.000000001,7338411.471134716
28399999.99999998,30263891.80082401
9.000000000000002,12.7967443802585
6000000.0,6424260.090003598
6800000.0,6182163.672763101
8499999.999999998,12038082.370344441
33056000.000000007,12263597.966471907
8000000.000000002,6670830.416818529
4000000.0000000005,2572097.3921468547
3700000.000000002,7335407.609247113
2000000.0000000016,2255402.662053226
4038000.000000001,4406750.115613347
3000000.000000001,2746988.4573382284
3233999.9999999995,3036287.406731769
6699999.999999995,4079731.388313219
46999999.99999998,31384974.04244131
2700000.0,3863399.797618963
16299999.99999999,18411609.431710187
68899999.99999999,58277155.18102527
5990000.000000006,7281345.505354636
12499999.999999985,14001774.6556428
5774999.999999999,5032375.422564818
16999999.999999974,8760295.917787967
3146499.9999999995,3144938.279031035
2499999.9999999995,3346644.9507238017
8012099.999999995,6994671.102766173
4000000.0000000005,5294142.243435229
8000000.000000002,14616294.683841195
7400000.0,8498243.406500377
4199999.999999997,4914590.139569199
22500000.00000001,16388870.86553628
3018500.0000000014,3237713.058549198
26999999.999999993,26149862.91088901
5500000.000000001,4886542.163114195
6999999.999999995,5590560.617585134
4500000.000000002,5996344.240202393
2499999.9999999995,4290475.191860242
3146499.9999999995,2923870.110757661
30000000.00000005,15053574.393354056
5500000.000000001,6909157.084407444
9.000000000000002,8.999999999999927
56000000.00000003,36459413.681829326
1749999.9999999998,4025506.6482709
2599999.9999999986,3194654.044011417
4999999.999999999,5394182.670869532
17199999.99999998,17264655.20683544
7500000.000000002,9089620.402405782
24999999.999999963,23437005.28304717
2499999.9999999995,3882820.7486375584
2900000.0000000014,3727641.1512878495
9.000000000000002,8.999999999999936
2990000.000000002,5965286.919069644
9659999.999999993,6219085.384084326
6000000.0,5458462.948481314
3600000.0000000014,6529688.517053326
2550000.0,2781624.3135857903
9.000000000000002,9.86882059452656
16999999.999999974,25275010.162231456
2800000.000000002,3630669.201985976
9400000.000000015,8895127.831991058
3400000.000000002,3614025.6616286333
2700000.0,2297139.699805824
8000000.000000002,7365071.651957495
9999999.999999996,9033682.18428844
2699000.0,3284058.266591281
13200000.000000019,10813825.98478433
8499999.999999998,7805446.980216575
2700000.0,1656138.0186142265
10499999.999999994,11206848.845079653
6999999.999999995,7517714.688008471
4500000.000000002,5461460.5266513685
19424999.99999999,15027082.332902672
6499999.999999999,7721308.194438985
8499999.999999998,10979400.998761462
6400000.000000001,8445428.702343995
15000000.00000001,212599.25557959138
9.000000000000002,8.999999999999936
2700000.0,2609025.5409567314
6999999.999999995,6613798.326998093
8999999.999999996,11215978.693485621
4500000.000000002,5964194.182071984
3600000.0000000014,3292442.28110955
4500000.000000002,4606638.869257651
5599999.999999999,5534840.234095622
4799999.999999999,5106526.778604415
8499999.999999998,5149139.100718759
4999999.999999999,6593264.307721405
4999999.999999999,6251515.494799531
6499999.999999999,8682251.429640895
15000000.00000001,13252691.841206737
6499999.999999999,6950326.247781884
4199999.999999997,6034008.338800198
17999999.999999985,24097537.17242575
3000000.000000001,2607718.6945100157
8499999.999999998,6411070.39485434
2499999.9999999995,2899384.3858450106
2000000.0000000016,3390168.2892457964
9900000.000000013,7064609.586509084
9360000.000000002,5134971.371266867
6499999.999999999,5894058.974584053
7500000.000000002,9934344.056146808
12000000.000000007,10685695.02796651
47499999.99999994,6323218.439521464
3200000.0000000023,5818048.289562834
40999999.999999985,38142754.18097947
4000000.0000000005,6238084.7522863755
39999999.00000003,26290731.434227668
6599999.999999998,6736421.936653267
20000000.000000015,23534405.124088462
3900000.000000001,2449891.890272025
21500000.00000001,23913296.21421841
4700000.000000004,5392226.107649913
2199999.9999999995,3810416.035744109
4500000.000000002,5478824.694348123
4999999.999999999,4843957.690767266
2800000.000000002,2795740.8765043714
8999999.999999996,8946078.784681214
3000000.000000001,3340057.3857301986
3200000.0000000023,3639952.317380384
3499999.9999999995,4369105.418583336
7300000.000000004,2563648.3425936042
6499999.999999999,3888296.6289239284
6999999.999999995,9017217.633545915
4700000.000000004,2406619.4866974796
9377500.000000013,7590706.1406227155
9.000000000000002,58112.37957281524
9659999.999999993,6219085.384084326
8000000.000000002,7002572.760710024
4500000.000000002,3817668.903615657
4500000.000000002,5047352.932059256
6000000.0,3861193.8935389644
7010999.999999997,6942238.956744702
2100000.000000001,3218843.438270908
6172999.999999996,5954893.07811503
13499999.999999993,17695280.63139488
9.000000000000002,8.999999999999927
9.000000000000002,112.54867002268523
8400000.000000006,7327167.616276745
4599999.999999998,3199252.3647974003
3900000.000000001,4588416.607459961
2887499.9999999986,2819722.622819726
2499999.9999999995,1539489.6126136556
11517299.999999993,12001949.062385224
11925000.00000001,9582186.305953909
3600000.0000000014,5424627.391838684
6499999.999999999,7650638.399888052
9.000000000000002,8.999999999999936
4500000.000000002,4771057.052563568
30000000.00000005,9588699.572813464
3146499.9999999995,3174489.8091419223
4000000.0000000005,7009524.946178338
8999999.999999996,8684753.106001385
2499999.9999999995,2015365.1533952972
2000000.0000000016,2452341.1283091097
3500500.0000000005,6499993.515972036
2499999.9999999995,2146029.0437201094
4999999.999999999,5395608.034323196
1699999.9999999988,3587991.1697243173
3145484.9999999995,3005124.3468553643
3000000.000000001,3734515.4371081367
9.000000000000002,8.999999999999927
2199999.9999999995,2129233.8796570553
9.000000000000002,8.999999999999936
1800000.000000001,3276831.270318286
9800000.000000007,380828.7219459785
8427999.999999998,9373928.768325888
4999999.999999999,4964079.427466425
6499999.999999999,4754831.031550844
3146499.9999999995,3279901.083363264
6300000.000000002,4022621.0839632903
7500000.000000002,8027711.189444317
4500000.000000002,5950355.5425510015
9500000.000000015,8156883.6716231415
32599999.999999966,37377029.790676765
9.000000000000002,8.999999999999927
6499999.999999999,7149357.115387377
4250000.000000002,4240223.023949927
4500000.000000002,2532967.029576153
4500000.000000002,4625559.655535346
5199999.999999999,5275273.856327942
2100000.000000001,2647498.4693639097
69999999.99999991,23908618.801933654
9.000000000000002,8.999999999999927
44999999.999999985,43230428.50216008
6999999.999999995,10085673.412091156
5164499.999999997,4629196.272993486
6749999.999999997,6315564.863469744
10972350.000000017,9165436.114282496
9900000.000000013,7135143.29560155
9.000000000000002,639.5298393103776
21500000.00000001,5948511.81883488
1400000.0000000007,2045436.4912822694
9.000000000000002,8.999999999999927
7800000.000000004,22215798.32956059
9999999.999999996,6669906.389069551
6219999.999999998,6042372.598653429
7500000.000000002,6960064.899001153
13000000.000000013,13423618.27919946
2599999.9999999986,2488489.5722120404
8099999.999999998,7421525.923246888
7150000.000000002,7843368.7395693585
5300000.000000001,6834876.805865748
8000000.000000002,6700921.379365784
7500000.000000002,7103519.492153293
7300000.000000004,8798470.415406147
43999999.99999999,40073479.53963465
5500000.000000001,8856588.268517941
9.000000000000002,8.999999999999927
32499999.999999955,51090523.16735502
7690038.999999994,6868753.105388601
5699999.999999996,6398369.641877538
9999999.999999996,10784874.139093189
5400000.000000005,5415576.181028121
9.000000000000002,1663.158620607983
6195000.0,8303614.733469953
6000000.0,8361313.233549659
15000000.00000001,9328631.527806394
8299999.999999997,8411389.0561736
8499999.999999998,8458695.94396967
8499999.999999998,5742195.53081961
6000000.0,5377091.1088431785
9.000000000000002,8.999999999999927
17999999.999999985,7324784.605160365
7800000.000000004,5272552.063783826
17999999.999999985,16237263.760859132
5755999.999999998,8307528.060216445
2499999.9999999995,2051465.6379177677
24999999.999999963,26128846.315055538
9.000000000000002,8.99999999999993
2199999.9999999995,5819692.369660314
9.000000000000002,8.999999999999936
7700000.0000000065,7596513.014367939
7400000.0,2811427.773694672
22000000.000000007,24411423.292572286
20000000.000000015,13642886.68576017
4500000.000000002,4316839.295655501
11000000.000000013,9306363.865368592
10499999.999999994,9930097.025707653
8000000.000000002,7629878.247375021
6499999.999999999,6058892.710576592
7800000.000000004,5519007.837007126
9999999.999999996,13.966198673542534
12000000.000000007,3973383.81207722
3589999.999999998,2799105.2184473295
9.000000000000002,8.99999999999994
7500000.000000002,5920934.955149805
9.000000000000002,3168407.9805869344
2799999.0000000014,7257123.955460133
4399999.999999997,6318396.254131509
9999999.999999996,14379850.970386846
9500000.000000015,19645370.666754536
5500000.000000001,6798032.122645698
5400000.000000005,5945330.860374619
9999999.999999996,8968738.588831777
8499999.999999998,6914522.0193133075
24999999.999999963,10837134.479081009
6000000.0,7536113.205941793
5500000.000000001,6760147.272916953
22000000.000000007,40444139.55109338
9800000.000000007,9310142.75468028
5500000.000000001,5483584.307905929
12000000.000000007,14057682.229767269
3000000.000000001,5214301.751953743
5300000.000000001,5446963.253631837
9.000000000000002,8006903.533506325
20500000.000000022,18887152.1161043
6499999.999999999,7259815.054509536
9.000000000000002,8.999999999999936
2900000.0000000014,3624419.6994274757
15000000.00000001,28712737.265779503
7800000.000000004,5896878.847857477
9.000000000000002,8.999999999999927
4999999.999999999,9067510.42662722
7500000.000000002,6191643.280451899
10036399.999999994,15299285.402681088
25999999.999999985,26067188.113657117
7500000.000000002,9308309.028560806
6499999.999999999,8456474.42049853
3499999.9999999995,3809469.453901829
15499999.999999987,11219286.623964299
8499999.999999998,8933815.716454616
3850000.0000000005,9322122.195091844
3099999.9999999986,3238872.556030927
20000000.000000015,6259058.072018064
12499999.999999985,14925979.312965125
5800000.0,33609.82091800947
8999999.999999996,2016099.8452242215
6499999.999999999,6251299.473211709
6999999.999999995,1016763.5700089593
9.000000000000002,9.168910617597296
2889999.999999999,1588696.4377225088
6000000.0,7196804.815287256
2700000.0,3742574.148564739
9.000000000000002,8.999999999999936
69999999.99999991,44560093.756201036
5904000.000000002,6811593.369796141
5199999.999999999,4565420.975372352
4500000.000000002,4934231.037823707
9.000000000000002,44.89499102826943
3200000.0000000023,2366334.575128858
5199999.999999999,6439964.014950546
9.000000000000002,16.09144724970339
9999999.999999996,8354840.9658691045
2670000.000000002,3520831.6404138207
4999999.999999999,4497838.6131056305
24999999.999999963,12428053.76139847
50999999.99999997,20823262.479874585
2100000.000000001,6279662.611618273
6000000.0,6226401.975046855
8999999.999999996,7856148.834267297
17499999.999999985,13339068.070093151
5199999.999999999,8855056.562319776
8499999.999999998,10498985.889633413
3099999.9999999986,4240944.119147687
1939999.9999999998,2071570.9397812905
4000000.0000000005,2246907.1404343033
12374999.999999989,12469001.520425703
4700000.000000004,5842126.1719534695
6200000.000000005,8545348.808223628
5500000.000000001,8252299.544718739
6499999.999999999,2308641.054450306
7500000.000000002,7935777.430283364
16000000.000000026,11229692.597922206
8000000.000000002,5880175.0549195
1550000.0000000012,1474808.9764735515
3600000.0000000014,7536827.761646615
1200000.0000000005,2990851.3886578493
18849999.999999996,11755507.03126937
4999999.999999999,5003270.849434298
6999999.999999995,7713440.931749128
7500000.000000002,7330778.299919222
3092100.0,2951111.4038072824
9.000000000000002,8.99999999999994
4000000.0000000005,6903112.04428217
1749999.9999999998,5566660.014419088
6999999.999999995,14645518.429160811
14000000.00000001,17835286.889949735
3000000.000000001,5051895.765388912
2400000.000000001,1815641.449798025
6800000.0,9574358.363164533
5199999.999999999,5882840.523287081
9999999.999999996,8203657.611840378
26499999.999999996,44763032.343552515
17999999.999999985,1099771.3511076234
2700000.0,4306936.014294078
3499999.9999999995,5841961.521109904
4500000.000000002,5563696.122433948
50000000.00000009,58622613.9694997
25999999.999999985,6232.08554258856
1299999.9999999993,1134812.6611588637
5300000.000000001,5713146.8657319285
26999999.999999993,22405436.141458463
4000000.0000000005,5327309.08980841
6686000.000000001,6482508.432711799
9.000000000000002,8.999999999999927
9.000000000000002,8.999999999999927
7500000.000000002,8745443.768975802
3000000.000000001,3980347.4025040674
15000000.00000001,18238699.966203306
9.000000000000002,11.130144398269575
1899999.9999999993,2346027.8423010753
7500000.000000002,9319068.981165605
6000000.0,17041256.121620975
4399999.999999997,731596.8598886639
9500000.000000015,15637850.028216403
6499999.999999999,5647136.680057069
899999.9999999995,873133.1876569932
11000000.000000013,8998624.18168534
9.000000000000002,8.99999999999994
4500000.000000002,6683978.866438083
17499999.999999985,15122464.545322128
6350000.0,7065703.051761016
10499999.999999994,10418347.942791782
3650000.000000001,4104106.0956817116
6000000.0,6053357.123029753
7044000.0,6034335.855449432
5500000.000000001,5171204.470144078
42500000.00000005,23867578.50351893
8000000.000000002,6554584.906638082
6499999.999999999,5451015.692356972
2849999.999999999,5002571.104430821
18800000.0,20044970.138585925
15000000.00000001,15357223.147968508
5599999.999999999,5282933.754401294
7500000.000000002,4679255.497606509
4250000.000000002,6878384.420434006
4250000.000000002,5269129.138959234
9599999.999999998,9235587.484100437
5501000.000000001,3477637.435816046
7100000.000000005,8067877.229858834
6499999.999999999,6754321.318465866
9.000000000000002,112.54867002268523
1400000.0000000007,1440939.382557029
5500000.000000001,8549647.009738706
3335000.000000002,3316307.6627578335
4700000.000000004,5537741.608748732
2700000.0,4294413.409678038
9487499.999999989,7870153.083741954
6000000.0,7945022.197901985
2700000.0,2151233.779848
12000000.000000007,12886242.879583595
6499999.999999999,7544956.553466903
5472500.000000004,5264887.274207375
17999999.999999985,16928516.827959646
6999999.999999995,3944417.1439181743
1800000.000000001,2489676.4009771887
6300000.000000002,5710938.896784437
42500000.00000005,12043294.696625687
6000000.0,6584073.91483052
1249999.999999999,1833364.9515314866
2000000.0000000016,4710244.992003183
9.000000000000002,8.99999999999993
9.000000000000002,44722.70571138019
2599999.9999999986,3965095.8276485903
17400000.000000015,17998287.391211644
57000000.000000045,59315890.552319705
8499999.999999998,5217323.605791781
7449999.9999999935,7327764.78856514
4500000.000000002,4933286.707134354
3200000.0000000023,6977211.470439237
9249999.999999987,9071702.99214787
2499999.9999999995,7841522.992672002
4500000.000000002,4045090.264747965
2100000.000000001,2100340.635296118
9.000000000000002,8.999999999999936
3449999.999999999,3212069.476270014
6589999.999999998,6849249.234618274
9.000000000000002,8.999999999999927
2499999.9999999995,2944517.2925378988
6899999.999999999,9968909.869827291
6599999.999999998,5012417.29898662
4500000.000000002,5084549.9300402505
8999999.999999996,7667752.442781522
6536250.000000001,8932065.69050638
15000000.00000001,7282963.360240602
55000000.000000075,52829805.24416729
9.000000000000002,8.999999999999927
2499999.9999999995,3203254.553303128
1499999.9999999986,3412047.376015799
12499999.999999985,6938607.887054021
3499999.9999999995,3751519.5019589337
9.000000000000002,8.999999999999936
9800000.000000007,7308553.3580999
4000000.0000000005,3344742.7999551073
8499999.999999998,9492004.940712258
2941040.0000000005,3036287.406731769
10899999.999999993,10321729.35441606
8499999.999999998,8786545.262763206
5010809.999999997,5327918.175855892
5800000.0,6813192.031503013
20000000.000000015,8397502.286078228
9.000000000000002,8.99999999999994
9299999.999999993,7253124.662145404
25999999.999999985,22084944.78031861
18099999.999999978,18452945.64850971
3799999.9999999995,5018394.209189106
5500000.000000001,4103610.015458143
8000000.000000002,866373.5074359849
8000000.000000002,6362259.64106879
6999999.999999995,6889910.676086722
6499999.999999999,6803816.668849776
6999999.999999995,7304910.392177542
4550000.0,7022145.701021463
4990000.000000004,3784662.2587060807
5199999.999999999,5779954.247333073
4389999.999999997,5064743.218437605
5500000.000000001,5182703.927127066
7500000.000000002,13379480.699745944
2499999.9999999995,2375687.9550047647
4500000.000000002,5883095.946884322
2199999.9999999995,4057210.278296813
14499999.99999999,19074809.821254015
7375000.000000005,5294107.244514085
4799999.999999999,5980058.636605628
7500000.000000002,9772175.501035467
30000000.00000005,28493626.96577212
8539999.999999996,17917138.65476625
3499999.9999999995,4238950.088131451
3000000.000000001,210144.93357265776
7100000.000000005,7120765.902114402
4799999.999999999,3249306.736330696
6650000.000000001,6989189.549570326
1600000.0000000012,1308208.4437166508
4500000.000000002,7926280.13018889
6759999.999999999,7280475.05930317
2499999.9999999995,1890864.9366422563
9.000000000000002,8.99999999999994
6699999.999999995,7822706.408395691
1525000.0000000005,1238875.2444945243
6650000.000000001,7709516.491780077
22000000.000000007,22334944.34497032
7500000.000000002,8226772.657383686
6000000.0,7783195.113329292
44999999.999999985,23432907.623974513
11000000.000000013,4139344.2792245536
3674999.9999999995,4287195.183332794
60000000.0000001,33780246.52407575
19000000.000000015,2042871.2354163066
4999999.999999999,9588699.572813464
9999999.999999996,9472907.427164644
12099999.999999993,13901146.085615678
13499999.999999993,4147545.623446012
11110000.000000011,14217251.404190945
4000000.0000000005,5583736.198917265
14000000.00000001,5896766.22305645
4220000.0,4427133.249878526
2000000.0000000016,2173339.500325567
6699999.999999995,5988422.419793962
20999999.99999998,11431028.988688229
65000000.00000007,58321930.82331463
5500000.000000001,5734897.2592963185
9.000000000000002,8.99999999999994
2199999.9999999995,2017179.6512953797
8809920.000000007,7281910.267814291
3690000.000000001,4228247.979051231
4500000.000000002,3063202.67235179
2599999.9999999986,6542053.470258699
9.000000000000002,8.99999999999993
50000000.00000009,24890327.582498178
9.000000000000002,8.99999999999993
8199999.999999994,7111940.029034341
8000000.000000002,5167746.575910886
3902500.000000003,3847066.584163229
